date,n_items,mean_sentiment_score,median_sentiment_score,std_sentiment_score,pos_pct,neg_pct,neutral_pct,nifty_open,nifty_high,nifty_low,nifty_close,nifty_volume,nifty_return_1d,nifty_return_5d,nifty_return_20d,sentiment_ma_7d,sentiment_ma_30d
2017-09-27,1,0.010664824396371841,0.010664824396371841,,0.0,0.0,1.0,,,,,,,,,0.010664824396371841,0.010664824396371841
2017-09-28,2,0.8451082408428192,0.8451082408428192,0.08688459024029825,1.0,0.0,0.0,,,,,,,,,0.4278865326195955,0.4278865326195955
2017-09-29,1,0.692350447177887,0.692350447177887,,1.0,0.0,0.0,,,,,,,,,0.5160411708056927,0.5160411708056927
2017-10-03,1,0.9160991907119751,0.9160991907119751,,1.0,0.0,0.0,,,,,,,,,0.6160556757822633,0.6160556757822633
2017-10-05,1,0.6628352403640747,0.6628352403640747,,1.0,0.0,0.0,,,,,,,,,0.6254115886986256,0.6254115886986256
2017-10-06,5,-0.5695390343666077,-0.39259153604507446,0.2447633239460087,0.0,1.0,0.0,,,,,,,,,0.4262531515210867,0.4262531515210867
2017-10-09,1,0.9165239930152893,0.9165239930152893,,1.0,0.0,0.0,,,,,,,,,0.49629184316311564,0.49629184316311564
2017-10-16,1,0.810411810874939,0.810411810874939,,1.0,0.0,0.0,,,,,,,,,0.6105414126600538,0.5355568391270935
2017-10-17,3,0.5097324649492899,0.8885008692741394,0.6789763120637454,0.6666666666666666,0.3333333333333333,0.0,,,,,,,,,0.5626305875324068,0.5326874642184487
2017-10-18,3,0.19804598360011974,0.009352429769933224,0.58962448325566,0.3333333333333333,0.3333333333333333,0.3333333333333333,,,,,,,,,0.49201566416415426,0.49922331615661586
2017-10-23,3,-0.4165463050206502,-0.39259153604507446,0.041490876949271886,0.0,1.0,0.0,,,,,,,,,0.3016377362023507,0.415971532413228
2017-10-25,3,-0.0975129206975301,-0.27413445711135864,0.8884445722111999,0.3333333333333333,0.6666666666666666,0.0,,,,,,,,,0.19301657033640712,0.3731811613206648
2017-10-26,2,0.27804216742515564,0.27804216742515564,0.7808956712449349,0.5,0.5,0.0,,,,,,,,,0.31409959916380187,0.36586277717485644
2017-10-27,3,-0.26182335801422596,-0.39259153604507446,0.22649712836264188,0.0,0.6666666666666666,0.3333333333333333,,,,,,,,,0.14576426330244255,0.3210280532327791
2017-10-31,2,0.3929015574976802,0.3929015574976802,0.5551157795375059,0.5,0.0,0.5,,,,,,,,,0.08611994139140562,0.32581962018377253
2017-11-06,2,0.2972489893436432,0.2972489893436432,0.8080582192921447,0.5,0.5,0.0,,,,,,,,,0.055765159162027504,0.3240339557562644
2017-11-07,2,0.2549881637096405,0.2549881637096405,0.7482923865234536,0.5,0.5,0.0,,,,,,,,,0.06389975632053047,0.31997243857705127
2017-11-08,2,0.2837257385253906,0.2837257385253906,0.7889334545775989,0.5,0.5,0.0,,,,,,,,,0.16393861968425058,0.31795873301862565
2017-11-09,2,0.886697381734848,0.886697381734848,0.010206322982246609,1.0,0.0,0.0,,,,,,,,,0.3045400914603046,0.34789234610895314
2017-11-13,2,0.8957244157791138,0.8957244157791138,0.03831384551991929,1.0,0.0,0.0,,,,,,,,,0.3927804126537272,0.3752839495924612
2017-11-15,2,0.07883614301681519,0.07883614301681519,0.49917580982023396,0.5,0.5,0.0,,,,,,,,,0.44144605565816164,0.36116738737457327
2017-11-16,1,0.8589199781417847,0.8589199781417847,,1.0,0.0,0.0,,,,,,,,,0.5080201157501766,0.3837925051367192
2017-11-17,1,0.9153345227241516,0.9153345227241516,,1.0,0.0,0.0,,,,,,,,,0.5963180490902492,0.4069030276405206
2017-11-20,6,0.6483540336290995,0.8719240725040436,0.513866017140133,0.8333333333333334,0.16666666666666666,0.0,,,,,,,,,0.6525131733644577,0.41696348622337814
2017-11-21,2,0.8839906454086304,0.8839906454086304,0.006378419759941681,1.0,0.0,0.0,,,,,,,,,0.7382653029192062,0.4356445725907882
2017-11-30,1,0.9160810112953186,0.9160810112953186,,1.0,0.0,0.0,,,,,,,,,0.7424629642849877,0.45412289715634707
2017-12-08,1,0.9157625436782837,0.9157625436782837,,1.0,0.0,0.0,,,,,,,,,0.7453255539848691,0.47122066184234473
2017-12-13,1,0.8415285348892212,0.8415285348892212,,1.0,0.0,0.0,,,,,,,,,0.8542816099666414,0.4844459430225903
2017-12-14,2,0.8471702635288239,0.8471702635288239,0.08678343780387211,1.0,0.0,0.0,,,,,,,,,0.852603079307647,0.49695367821246045
2017-12-15,2,0.8480735421180725,0.8480735421180725,0.02525042982396768,1.0,0.0,0.0,,,,,,,,,0.8429943677924928,0.5086576736759808
2017-12-18,2,0.2993319034576416,0.2993319034576416,0.8110039046814197,0.5,0.5,0.0,,,,,,,,,0.7931340634822845,0.5182799096446898
2017-12-20,1,0.8604815006256104,0.8604815006256104,,1.0,0.0,0.0,,,,,,,,,0.7897756142275674,0.5187923516374495
2018-03-26,2,0.25564661622047424,0.25564661622047424,0.7492235789944532,0.5,0.5,0.0,,,,,,,,,0.6954278435025897,0.5042355572722025
2018-03-27,1,0.8893166184425354,0.8893166184425354,,1.0,0.0,0.0,,,,,,,,,0.691649854183197,0.5033428048632211
2018-03-28,4,0.26684439182281494,0.25564661622047424,0.6249361517798162,0.5,0.5,0.0,,,,,,,,,0.6095521194594247,0.4901431099118458
2018-04-02,2,0.2837257385253906,0.2837257385253906,0.7889334545775989,0.5,0.5,0.0,,,,,,,,,0.5290600444589343,0.5185852690082458
2018-04-06,2,0.29317352175712585,0.29317352175712585,0.80229463775828,0.5,0.5,0.0,,,,,,,,,0.449788612978799,0.497806919966307
2018-04-11,3,0.4910356005032857,0.8415859341621399,0.6634305800125239,0.6666666666666666,0.3333333333333333,0.0,,,,,,,,,0.47717485541389104,0.4871610462872518
2018-04-12,8,0.1622840166091919,0.24185290932655334,0.7120311138285521,0.5,0.5,0.0,,,,,,,,,0.37743235769725986,0.4755794313425819
2018-04-13,3,0.6899274786313375,0.7315583229064941,0.22180888146727445,1.0,0.0,0.0,,,,,,,,,0.43947248089881175,0.49197548117695583
2018-04-16,6,0.05594905217488607,0.024553239345550537,0.8265157980555164,0.5,0.5,0.0,,,,,,,,,0.3204199714320047,0.507725326416807
2018-04-17,1,0.8885008692741394,0.8885008692741394,,1.0,0.0,0.0,,,,,,,,,0.40922803963933674,0.540592452749196
2018-04-20,5,0.539586091041565,0.8411936163902283,0.6930016111845435,0.8,0.2,0.0,,,,,,,,,0.4457795185702188,0.5493105835364097
2018-04-23,8,0.37278977781534195,0.4052935540676117,0.3627693031971649,0.875,0.125,0.0,,,,,,,,,0.45715326943567824,0.5704643547307285
2018-04-24,8,0.08635030128061771,0.13386783748865128,0.713264375537407,0.625,0.375,0.0,,,,,,,,,0.3993410838324399,0.5602459795234932
2018-04-25,9,0.09349617113669713,0.06854182481765747,0.6758221529409303,0.5555555555555556,0.3333333333333333,0.1111111111111111,,,,,,,,,0.3895142487649407,0.553454218916595
2018-04-26,7,0.30718444660305977,0.0932874009013176,0.3994993433329865,0.8571428571428571,0.0,0.14285714285714285,,,,,,,,,0.33483667276090096,0.5551940950130423
2018-04-27,7,0.11486986705235072,0.4722328782081604,0.6966375743119513,0.5714285714285714,0.42857142857142855,0.0,,,,,,,,,0.34325393202911025,0.549565565963941
2018-04-30,10,0.07547200322151185,0.045855969190597534,0.8156193613583224,0.5,0.5,0.0,,,,,,,,,0.22710695116444918,0.5225247200134964
2018-05-02,6,-0.006820518523454666,-0.14160847291350365,0.7045373139620931,0.5,0.5,0.0,,,,,,,,,0.14904886408373205,0.4924398888700775
2018-05-03,4,0.06338554620742798,0.04376399517059326,0.8796402563337371,0.5,0.5,0.0,,,,,,,,,0.10484825956831578,0.4919248689764313
2018-05-04,5,0.5433344960212707,0.8471430540084839,0.6950643588978899,0.8,0.2,0.0,,,,,,,,,0.17013171595983764,0.4814053529057475
2018-05-05,1,0.8825609683990479,0.8825609683990479,,1.0,0.0,0.0,,,,,,,,,0.28285525842588777,0.48031290109491065
2018-05-07,2,0.8369642794132233,0.8369642794132233,0.07288374433976734,1.0,0.0,0.0,,,,,,,,,0.35853809168448253,0.48659990928771474
2018-05-09,3,0.3262359102567037,0.8350788950920105,0.8869333173347377,0.6666666666666666,0.3333333333333333,0.0,,,,,,,,,0.3887332407136758,0.46800808478265055
2018-05-10,6,0.07775818308194478,0.06615954637527466,0.8499154396196932,0.5,0.5,0.0,,,,,,,,,0.38905983783659476,0.4400639905088714
2018-05-11,5,0.22380001544952394,0.7849092483520508,0.8420273896977063,0.6,0.4,0.0,,,,,,,,,0.42200562840416317,0.4169985729012461
2018-05-17,2,0.07184311747550964,0.07184311747550964,1.0885807308974997,0.5,0.5,0.0,,,,,,,,,0.42321385287103197,0.39134239232078905
2018-05-18,3,0.338218092918396,0.8299930095672607,0.8976892039840088,0.6666666666666666,0.3333333333333333,0.0,,,,,,,,,0.3939115095706213,0.3743773199671081
2018-05-21,2,0.08403831720352173,0.08403831720352173,1.105827347748703,0.5,0.5,0.0,,,,,,,,,0.2798368451141176,0.34890947913662307
2018-05-22,2,0.4301549643278122,0.4301549643278122,0.15865997783135036,1.0,0.0,0.0,,,,,,,,,0.22172122867334457,0.35327024783229544
2018-05-25,7,0.31973149521010263,0.863913893699646,0.7645352178116545,0.5714285714285714,0.2857142857142857,0.14285714285714285,,,,,,,,,0.22079202652383012,0.3352452476517785
2018-05-26,1,0.9123197197914124,0.9123197197914124,,1.0,0.0,0.0,,,,,,,,,0.34001510319661116,0.3571343511041431
2018-05-28,1,0.34178557991981506,0.34178557991981506,,1.0,0.0,0.0,,,,,,,,,0.35687018383522423,0.33888331648671904
2018-05-29,1,0.10846827924251556,0.10846827924251556,,1.0,0.0,0.0,,,,,,,,,0.3621023498019394,0.33360411273404245
2018-05-30,3,0.32132556041081745,0.7854276895523071,0.8838474433179868,0.6666666666666666,0.3333333333333333,0.0,,,,,,,,,0.3596891308722853,0.33485744013022334
2018-05-31,2,-0.1330464780330658,-0.1330464780330658,0.7988230861401346,0.5,0.5,0.0,,,,,,,,,0.3286770172670585,0.3206501068038836
2018-06-03,1,0.016401976346969604,0.016401976346969604,,0.0,0.0,1.0,,,,,,,,,0.26956944755550954,0.30482898599867314
2018-06-04,1,0.7192858457565308,0.7192858457565308,,1.0,0.0,0.0,,,,,,,,,0.32664864049071357,0.32339571363691777
2018-06-05,4,0.08073006570339203,0.06615954637527466,0.8993989925706398,0.5,0.5,0.0,,,,,,,,,0.20785011847813925,0.30308913320598624
2018-06-06,1,-0.6978996992111206,-0.6978996992111206,,0.0,1.0,0.0,,,,,,,,,0.05932365003086274,0.2779608414931193
2018-06-07,3,0.34404323498408,0.8415285348892212,0.9026546452762929,0.6666666666666666,0.3333333333333333,0.0,,,,,,,,,0.09297721513680049,0.2598122536834507
2018-06-12,4,-0.03344346582889557,-0.1330464780330658,0.7842989278421691,0.5,0.5,0.0,,,,,,,,,0.04229592567398436,0.24071126845443533
2018-06-13,1,0.8415285348892212,0.8415285348892212,,1.0,0.0,0.0,,,,,,,,,0.18152092752002535,0.2563358936902313
2018-06-14,2,0.028537482023239136,0.028537482023239136,1.0273373139137136,0.5,0.5,0.0,,,,,,,,,0.18325457118806385,0.25440879971498537
2018-06-15,2,0.0953005850315094,0.0953005850315094,1.1217545996541214,0.5,0.5,0.0,,,,,,,,,0.09411381965591795,0.2544689468448124
2018-06-16,1,0.1819191575050354,0.1819191575050354,,1.0,0.0,0.0,,,,,,,,,0.10856940419900986,0.2502934372082116
2018-06-17,10,0.6045924931764602,0.7152912020683289,0.29465352781558046,0.9,0.0,0.1,,,,,,,,,0.29463971739723566,0.2666175247456819
2018-06-18,10,0.23464653491973878,0.8220830857753754,0.8028911832063832,0.6,0.4,0.0,,,,,,,,,0.2790116173880441,0.27192334246895616
2018-06-19,2,0.08401429653167725,0.08401429653167725,1.1057933773888031,0.5,0.5,0.0,,,,,,,,,0.2957912977252688,0.2749511696374605
2018-06-20,8,0.06777655333280563,0.029970288276672363,0.8193368259042465,0.5,0.5,0.0,,,,,,,,,0.18525530036006654,0.2750975365416398
2018-06-21,2,0.6310127675533295,0.6310127675533295,0.2817198614247009,1.0,0.0,0.0,,,,,,,,,0.2713231982929366,0.27802014559270843
2018-09-21,6,0.20748387525478998,0.43787654489278793,0.7706324011140346,0.5,0.3333333333333333,0.16666666666666666,,,,,,,,,0.2873493826105481,0.2555175758212332
2018-09-24,1,0.750525951385498,0.750525951385498,,1.0,0.0,0.0,,,,,,,,,0.36857892459347136,0.252636298220309
2018-09-25,2,0.06762224435806274,0.06762224435806274,1.0826115148897502,0.5,0.5,0.0,,,,,,,,,0.29186888904798597,0.2440158426903543
2018-09-26,3,0.2750496069590251,0.7376208305358887,0.8429378021093726,0.6666666666666666,0.3333333333333333,0.0,,,,,,,,,0.29764075648216975,0.250592223486257
2018-09-28,1,0.881587028503418,0.881587028503418,,1.0,0.0,0.0,,,,,,,,,0.4115797181924184,0.2725184572547201
2018-10-01,7,0.37939334767205374,0.7427233457565308,0.7383027545139074,0.7142857142857143,0.2857142857142857,0.0,,,,,,,,,0.4560964030980253,0.2827701315946049
2018-10-03,4,0.22323254635557532,0.374621975235641,0.731260596396894,0.5,0.25,0.25,,,,,,,,,0.39784208578406044,0.2789372800425109
2018-10-04,5,0.17950012683868408,0.5720409750938416,0.8096880974731187,0.6,0.4,0.0,,,,,,,,,0.3938444074389024,0.28211934036368297
2018-10-05,5,0.21165159940719605,0.6852603554725647,0.8342807676612746,0.6,0.4,0.0,,,,,,,,,0.3168623571562879,0.2748358948663291
2018-10-08,2,0.09233063459396362,0.09233063459396362,1.1175544554657681,0.5,0.5,0.0,,,,,,,,,0.320392127189988,0.26725586617912445
2018-10-09,2,0.06858959794044495,0.06858959794044495,1.0839795594455652,0.5,0.5,0.0,,,,,,,,,0.29089784018733367,0.23913152878409222
2018-10-11,2,0.0957084596157074,0.0957084596157074,1.1223314214228415,0.5,0.5,0.0,,,,,,,,,0.17862947320337502,0.23092895810728864
2018-10-12,1,0.8331441879272461,0.8331441879272461,,1.0,0.0,0.0,,,,,,,,,0.24345102181125963,0.255084821730113
2018-10-15,5,-0.02060312479734421,0.03210332989692688,0.586786872981754,0.2,0.4,0.4,,,,,,,,,0.20861735450369973,0.24368719888984094
2018-10-16,26,0.15927286317142156,0.13200872018933296,0.2887306821297061,0.8076923076923077,0.07692307692307693,0.11538461538461539,,,,,,,,,0.2057277454083765,0.2534311769299905
2018-10-17,5,0.16651808843016624,0.265630841255188,0.6316764123682497,0.6,0.2,0.2,,,,,,,,,0.19928010098308652,0.25843504733276373
2018-10-19,2,0.08084916695952415,0.08084916695952415,0.045808698418422104,0.5,0.0,0.5,,,,,,,,,0.19763989132102375,0.23715382470619684
2018-10-22,3,0.3456994791825612,0.40773314237594604,0.2537729427217493,1.0,0.0,0.0,,,,,,,,,0.23722701721275463,0.24598613848883583
2018-10-23,3,0.035150062292814255,0.03529149293899536,0.002560661295373972,0.0,0.0,1.0,,,,,,,,,0.22857581759519846,0.270421130538967
2018-10-24,7,0.16616700110690935,0.051107048988342285,0.5988293742496372,0.7142857142857143,0.14285714285714285,0.14285714285714285,,,,,,,,,0.13329336233515038,0.26449192274306127
2018-10-25,2,0.043527767062187195,0.043527767062187195,0.014277107955807692,0.5,0.0,0.5,,,,,,,,,0.14245491831508342,0.2670576305060974
2018-10-26,4,0.04000025428831577,0.03989284299314022,0.009805925746189324,0.0,0.0,1.0,,,,,,,,,0.12541597418892544,0.24034002115273387
2018-11-04,1,0.47639256715774536,0.47639256715774536,,1.0,0.0,0.0,,,,,,,,,0.1696837568642939,0.2552685239905507
2018-11-05,6,0.07122246362268925,0.0768294669687748,0.027170503612922968,0.6666666666666666,0.0,0.3333333333333333,,,,,,,,,0.16830851353046034,0.2544659199435901
2018-11-06,4,0.3906802088022232,0.41492074728012085,0.36132684719286606,0.75,0.0,0.25,,,,,,,,,0.17473433204755492,0.26142462165349634
2018-11-09,11,0.10243671014904976,0.09797355532646179,0.06497607406755193,0.8181818181818182,0.0,0.18181818181818182,,,,,,,,,0.18434671031273142,0.24468609555258264
2018-11-12,6,0.07219882992406686,0.05560864880681038,0.05883193397254958,0.5,0.0,0.5,,,,,,,,,0.17092268585803963,0.23927117205272688
2018-11-14,3,0.30499668916066486,0.2852315604686737,0.2672265009759845,0.6666666666666666,0.0,0.3333333333333333,,,,,,,,,0.20827538901496498,0.2466372518070265
2018-11-15,9,0.32342759147286415,0.40030229091644287,0.28962738998898224,0.6666666666666666,0.0,0.3333333333333333,,,,,,,,,0.2487650086127576,0.2551589530783618
2018-11-16,2,0.042973628267645836,0.042973628267645836,0.01048660742737815,0.5,0.0,0.5,,,,,,,,,0.1868480173427434,0.23555764843550567
2018-11-19,9,0.24014462613397175,0.1707184910774231,0.23707706013915528,0.8888888888888888,0.1111111111111111,0.0,,,,,,,,,0.2109797548443552,0.2366463401314784
2018-11-20,4,0.06784713454544544,0.05388670042157173,0.03745053171996514,0.75,0.0,0.25,,,,,,,,,0.16486074423624406,0.2138903795701433
2018-11-21,2,0.046596948988735676,0.046596948988735676,0.028688857970450485,0.5,0.0,0.5,,,,,,,,,0.15688363549905635,0.21318953639116572
2018-11-22,1,0.056141603738069534,0.056141603738069534,,1.0,0.0,0.0,,,,,,,,,0.1545897460439139,0.2058926029504672
2018-11-26,2,-0.004659861326217651,-0.004659861326217651,1.1806967144155156,0.5,0.5,0.0,,,,,,,,,0.11035309597435926,0.176351039956146
2018-11-28,1,0.18687090277671814,0.18687090277671814,,1.0,0.0,0.0,,,,,,,,,0.09084499758919552,0.16993362512630147
2018-11-30,1,0.7715036869049072,0.7715036869049072,,1.0,0.0,0.0,,,,,,,,,0.19492072025166143,0.18820932981127922
2018-12-03,5,0.07568465918302536,0.07025041431188583,0.022522293814202433,1.0,0.0,0.0,,,,,,,,,0.1714264392586691,0.18474881422275727
2018-12-04,8,0.12101638037711382,0.1314901039004326,0.4560423637237572,0.875,0.125,0.0,,,,,,,,,0.1790220458060503,0.18172764025508786
2018-12-05,3,0.16175603369871774,0.11130090057849884,0.1557265369706697,0.6666666666666666,0.0,0.3333333333333333,,,,,,,,,0.19547334362176202,0.18404182022524634
2018-12-06,7,-0.004237472478832517,0.03309629485011101,0.10805687991867363,0.14285714285714285,0.14285714285714285,0.7142857142857143,,,,,,,,,0.18684776130506173,0.18161425121127042
2018-12-07,10,0.09100426733493805,0.10987146571278572,0.39330636989430046,0.9,0.1,0.0,,,,,,,,,0.20051406539951255,0.18145744480191142
2018-12-12,1,0.6924257278442383,0.6924257278442383,,1.0,0.0,0.0,,,,,,,,,0.27273618326630117,0.17676682946581118
2018-12-14,2,0.02168649435043335,0.02168649435043335,1.2270142886145021,0.5,0.5,0.0,,,,,,,,,0.16561944147280488,0.17817648343740375
2018-12-17,2,0.014466077089309692,0.014466077089309692,1.2168030765978284,0.5,0.5,0.0,,,,,,,,,0.1568739297451312,0.17334959056800006
2018-12-18,8,0.4193949028849602,0.7918211221694946,0.7836669513821224,0.75,0.25,0.0,,,,,,,,,0.19949943296053782,0.18177881771649318
2018-12-19,2,-0.006399720907211304,-0.006399720907211304,1.187294382081411,0.5,0.5,0.0,,,,,,,,,0.17547718230254797,0.17887052145426866
2019-03-20,2,-0.0021788477897644043,-0.0021788477897644043,1.1932635980891604,0.5,0.5,0.0,,,,,,,,,0.1757712715438434,0.1672745772218578
2019-03-22,3,0.27582792441050213,0.7841107845306396,0.972905767097208,0.6666666666666666,0.3333333333333333,0.0,,,,,,,,,0.20217465112606686,0.17529717262578073
2019-03-25,2,-0.0021788477897644043,-0.0021788477897644043,1.1932635980891604,0.5,0.5,0.0,,,,,,,,,0.10294542603549504,0.16968564432922495
2019-03-26,3,0.028051468233267467,0.0444364920258522,0.8659188586778671,0.3333333333333333,0.3333333333333333,0.3333333333333333,,,,,,,,,0.10385470801875706,0.16916976770159428
2019-03-27,2,-0.00786241888999939,-0.00786241888999939,1.1852258147564962,0.5,0.5,0.0,,,,,,,,,0.10066492287885576,0.1675743452623171
2019-04-02,2,-0.0021788477897644043,-0.0021788477897644043,1.1932635980891604,0.5,0.5,0.0,,,,,,,,,0.0404401013538951,0.15162196476406678
2019-04-03,2,-0.20706844329833984,-0.20706844329833984,0.9035059533317954,0.5,0.5,0.0,,,,,,,,,0.011773141012305307,0.14234560120003248
2019-04-04,2,0.02127861976623535,0.02127861976623535,1.226437466845782,0.5,0.5,0.0,,,,,,,,,0.015124207806019557,0.1300322148988329
2019-04-05,2,-0.0353454053401947,-0.0353454053401947,1.146359002584114,0.5,0.5,0.0,,,,,,,,,-0.02932912501550856,0.1254394777158581
2019-04-08,3,-0.1833826502164205,-0.5836847424507141,0.9297598415576838,0.3333333333333333,0.6666666666666666,0.0,,,,,,,,,-0.055215382505030865,0.11692009504450848
2019-04-09,4,0.016311511397361755,0.01134440302848816,0.9956795152067661,0.5,0.5,0.0,,,,,,,,,-0.056892519195874534,0.10729725578573172
2019-04-10,2,-0.028165996074676514,-0.028165996074676514,1.156512220537237,0.5,0.5,0.0,,,,,,,,,-0.05979303022225698,0.09557746953414704
2019-04-11,2,0.01134440302848816,0.01134440302848816,1.2123883628037062,0.5,0.5,0.0,,,,,,,,,-0.0578611372482209,0.09452316202617511
2019-04-12,3,0.15812132755915323,0.431806743144989,0.8990284812339613,0.6666666666666666,0.3333333333333333,0.0,,,,,,,,,-0.005691169982864746,0.09178905207368117
2019-04-15,10,0.14750958904623984,0.31274841725826263,0.5771922438112318,0.7,0.2,0.1,,,,,,,,,0.012341825628564467,0.09444446722370765
2019-04-16,7,0.2366474877510752,0.35591381788253784,0.5285972226003064,0.8571428571428571,0.14285714285714285,0.0,,,,,,,,,0.0511979532130316,0.1007794851824523
2019-04-17,2,0.01134440302848816,0.01134440302848816,1.2123883628037062,0.5,0.5,0.0,,,,,,,,,0.07901610367658997,0.0992862451587996
2019-04-18,8,0.14534542802721262,0.06431966088712215,0.5429991575432759,0.625,0.125,0.25,,,,,,,,,0.09744952033799724,0.10428642147058059
2019-04-22,2,-0.06284600496292114,-0.06284600496292114,1.107467281624262,0.5,0.5,0.0,,,,,,,,,0.09249523335396229,0.09596252454592595
2019-04-23,4,0.018507078289985657,0.015327662229537964,0.9981952006759662,0.5,0.5,0.0,,,,,,,,,0.09351847267703337,0.07086263759209524
2019-04-24,3,0.02874975527326266,0.03635028377175331,0.8339964624676405,0.3333333333333333,0.3333333333333333,0.3333333333333333,,,,,,,,,0.07503681949333471,0.06929814079510314
2019-04-26,2,0.0397399365901947,0.0397399365901947,1.2003292222140722,0.5,0.5,0.0,,,,,,,,,0.05964115485675684,0.06658892600220584
2019-04-30,9,0.03931589507394367,0.045065782964229584,0.4182424261655239,0.1111111111111111,0.1111111111111111,0.7777777777777778,,,,,,,,,0.031450927331452334,0.06250758804804671
2019-05-02,9,0.11922156107094553,0.2672075629234314,0.6226151448179889,0.5555555555555556,0.3333333333333333,0.1111111111111111,,,,,,,,,0.046861949908946245,0.06662288916637264
2019-05-03,1,0.034705471247434616,0.034705471247434616,,0.0,0.0,1.0,,,,,,,,,0.031056241797549382,0.06474626263012252
2019-05-06,5,0.04080160409212112,0.05076616629958153,0.5844308509213973,0.6,0.2,0.2,,,,,,,,,0.045863043091126855,0.04302545850505195
2019-05-07,3,0.3267986985544364,0.05609752982854843,0.4692418306571408,1.0,0.0,0.0,,,,,,,,,0.08990470312890553,0.05319586531185205
2019-05-08,4,0.21866331063210964,0.39900634810328484,0.7791342507212449,0.5,0.25,0.25,,,,,,,,,0.11703521103731225,0.060002439763278716
2019-05-09,3,0.03686310971776644,0.03380651772022247,0.008448711502109463,0.0,0.0,1.0,,,,,,,,,0.11662423576982249,0.04725137999103892
2019-05-10,6,0.030308101947108906,0.03266782686114311,0.5196991448003444,0.3333333333333333,0.16666666666666666,0.5,,,,,,,,,0.11533740818027467,0.04847497408618293
2019-05-14,2,0.03832027316093445,0.03832027316093445,1.1983215149384072,0.5,0.5,0.0,,,,,,,,,0.10378008133598737,0.04982494478453956
2019-05-24,1,0.868632435798645,0.868632435798645,,1.0,0.0,0.0,,,,,,,,,0.22291250484330316,0.06958509516414432
2019-05-27,1,0.8885008692741394,0.8885008692741394,,1.0,0.0,0.0,,,,,,,,,0.34401239986930576,0.09927441906627445
2019-05-28,5,0.15665535032749175,0.08453091979026794,0.21124919216588778,0.6,0.0,0.4,,,,,,,,,0.31970620726545645,0.10356121513608192
2019-05-29,5,0.21277167946100234,0.08375430107116699,0.7012453610454752,0.6,0.2,0.2,,,,,,,,,0.3188645456695841,0.11091568508111532
2019-05-30,3,0.288569708665212,0.8331441879272461,0.9505508046126886,0.6666666666666666,0.3333333333333333,0.0,,,,,,,,,0.3548226312335049,0.12060730362961453
2019-05-31,5,0.20657023116946222,0.04315652325749397,0.7051075003948748,0.4,0.2,0.4,,,,,,,,,0.38000293540812674,0.13439525944520794
2019-06-03,7,0.26096674161297934,0.160297229886055,0.2844347038753675,0.8571428571428571,0.0,0.14285714285714285,,,,,,,,,0.41180957375841887,0.14238486350676607
2019-06-04,9,0.12870856995383897,0.044657133519649506,0.45782601140745594,0.4444444444444444,0.1111111111111111,0.4444444444444444,,,,,,,,,0.30610616435201804,0.14785332934990053
2019-06-06,6,0.15693476299444833,0.3927440792322159,0.813253072589718,0.5,0.3333333333333333,0.16666666666666666,,,,,,,,,0.20159672059777645,0.15919724312359615
2019-06-07,4,0.02605870831757784,0.012642303481698036,0.6933704591314348,0.25,0.25,0.5,,,,,,,,,0.182940057453503,0.15952214968760334
2019-06-10,2,0.0397399365901947,0.0397399365901947,1.2003292222140722,0.5,0.5,0.0,,,,,,,,,0.1582212370433876,0.16178568077643238
2019-06-11,4,0.1118224710226059,0.23544159531593323,0.7746979141386366,0.5,0.5,0.0,,,,,,,,,0.13297163166587248,0.16513494970956966
2019-06-12,3,0.3151360551516215,0.8659282922744751,0.9736139826474443,0.6666666666666666,0.3333333333333333,0.0,,,,,,,,,0.14848103509189522,0.17036877396265193
2019-06-13,3,0.3176734646161397,0.8794804215431213,0.9757472409840547,0.6666666666666666,0.3333333333333333,0.0,,,,,,,,,0.15658199552091814,0.17604090314831525
2019-06-14,1,0.8350788950920105,0.8350788950920105,,1.0,0.0,0.0,,,,,,,,,0.2574920419692283,0.19598861672634643
2019-06-18,2,0.0401478111743927,0.0401478111743927,1.2009060439827923,0.5,0.5,0.0,,,,,,,,,0.2408081917092204,0.19694873033120994
2019-09-17,2,0.016282469034194946,0.016282469034194946,1.1671553534574504,0.5,0.5,0.0,,,,,,,,,0.23941158609730856,0.19264663169810933
2019-09-19,4,-0.009568661451339722,-0.04486757516860962,0.9249259876584279,0.5,0.5,0.0,,,,,,,,,0.23236750066280365,0.19442254314849539
2019-09-20,1,0.8587135076522827,0.8587135076522827,,1.0,0.0,0.0,,,,,,,,,0.3390662201813289,0.22242942412723862
2019-09-23,1,0.8727982640266418,0.8727982640266418,,1.0,0.0,0.0,,,,,,,,,0.41873225002061754,0.2505643744190179
2019-09-24,2,0.016086310148239136,0.016086310148239136,1.1668779429005518,0.5,0.5,0.0,,,,,,,,,0.37564837081091745,0.24977592020428607
2019-09-25,2,0.03188863396644592,0.03188863396644592,1.1892258035612713,0.5,0.5,0.0,,,,,,,,,0.2609069049358368,0.24952834483403616
2019-09-26,2,0.0397399365901947,0.0397399365901947,1.2003292222140722,0.5,0.5,0.0,,,,,,,,,0.2608486371380942,0.24687895735134446
2019-09-27,2,0.0401478111743927,0.0401478111743927,1.2009060439827923,0.5,0.5,0.0,,,,,,,,,0.26425797172955107,0.24706036868224307
2019-09-30,2,0.0397399365901947,0.0397399365901947,1.2003292222140722,0.5,0.5,0.0,,,,,,,,,0.271302057164056,0.24702497976551216
2019-10-01,2,0.0397399365901947,0.0397399365901947,1.2003292222140722,0.5,0.5,0.0,,,,,,,,,0.15430583272661483,0.23745635436670412
2019-10-03,2,0.012061595916748047,0.012061595916748047,1.161186137449701,0.5,0.5,0.0,,,,,,,,,0.031343451568058546,0.23056963054285873
2019-10-04,4,0.4278741329908371,0.5356991589069366,0.4879778085309985,0.75,0.25,0.0,,,,,,,,,0.09017028340271539,0.24360333131862777
2019-10-09,2,-0.1886071264743805,-0.1886071264743805,0.8773977087000855,0.5,0.5,0.0,,,,,,,,,0.058670889054025906,0.23630615703791144
2019-10-10,5,0.2564246032387018,0.35286274552345276,0.6950587802610197,0.6,0.2,0.2,,,,,,,,,0.08962584143238406,0.243576301373837
2019-10-11,4,0.1756451278924942,0.3158719837665558,0.7082395168051029,0.75,0.25,0.0,,,,,,,,,0.10898260096354141,0.22047672444363198
2019-10-14,2,0.013028949499130249,0.013028949499130249,1.162554182005516,0.5,0.5,0.0,,,,,,,,,0.10516674566481791,0.19129432711779834
2019-10-15,3,0.03663954076667627,0.030438749119639397,0.8487779204322572,0.3333333333333333,0.3333333333333333,0.3333333333333333,,,,,,,,,0.10472383197574386,0.18729380013243782
2019-10-16,2,-0.009704679250717163,-0.009704679250717163,1.130403975905527,0.5,0.5,0.0,,,,,,,,,0.1016143640946774,0.17987792150871382
2019-10-17,3,-0.01201537624001503,0.02596868947148323,0.7787086961691477,0.3333333333333333,0.3333333333333333,0.3333333333333333,,,,,,,,,0.0387730056331271,0.1698584186785396
2019-10-18,4,-0.012448854744434357,-0.05430261790752411,0.704337180989789,0.5,0.5,0.0,,,,,,,,,0.0639384730231194,0.1625577824814097
2019-10-22,5,0.07601214051246644,0.44608911871910095,0.8225291598722385,0.6,0.4,0.0,,,,,,,,,0.03816526406222864,0.15639262911139265
2019-10-23,3,0.5732842683792114,0.42561018466949463,0.25577901594640895,1.0,0.0,0.0,,,,,,,,,0.09497085556033111,0.17121181905890506
2019-10-24,4,0.33720025420188904,0.6406866610050201,0.7740291822363563,0.75,0.25,0.0,,,,,,,,,0.1412810419464395,0.17722066876581974
2019-10-25,2,0.03832027316093445,0.03832027316093445,1.1983215149384072,0.5,0.5,0.0,,,,,,,,,0.14152114657419065,0.17762938759393163
2019-10-28,1,-0.2484026551246643,-0.2484026551246643,,0.0,1.0,0.0,,,,,,,,,0.10742143573505536,0.16802463453676966
2019-10-30,1,0.8302187919616699,0.8302187919616699,,1.0,0.0,0.0,,,,,,,,,0.22774060262101034,0.1919711785680718
2019-10-31,2,0.016282469034194946,0.016282469034194946,1.1671553534574504,0.5,0.5,0.0,,,,,,,,,0.23184507744652882,0.18200939236415756
2019-11-01,2,0.016282469034194946,0.016282469034194946,1.1671553534574504,0.5,0.5,0.0,,,,,,,,,0.2233122672353472,0.17196302584475942
2019-11-04,1,0.8331441879272461,0.8331441879272461,,1.0,0.0,0.0,,,,,,,,,0.26043511288506643,0.17189853560593393
2019-11-05,2,0.8650434017181396,0.8650434017181396,0.03317386875662171,1.0,0.0,0.0,,,,,,,,,0.3358412768159594,0.1993950552907255
2019-11-07,2,0.025730252265930176,0.025730252265930176,1.1805165366381316,0.5,0.5,0.0,,,,,,,,,0.33404270240238737,0.19970998139845
2019-11-08,2,0.010598897933959961,0.010598897933959961,1.1591175701247864,0.5,0.5,0.0,,,,,,,,,0.3710429242679051,0.20038223337796
2019-11-11,4,0.026675523724406958,0.03709727805107832,0.6739645170902533,0.25,0.25,0.5,,,,,,,,,0.256251028805439,0.17264763391369747
2019-11-13,4,0.2091093622148037,0.4019649550318718,0.7443109973367277,0.75,0.25,0.0,,,,,,,,,0.2837977278312402,0.15052467051996954
2019-11-14,4,0.024580114521086216,0.037098633125424385,0.6705914986401565,0.25,0.25,0.5,,,,,,,,,0.28498310575793895,0.15080779733239777
2019-11-15,2,-0.3629014566540718,-0.3629014566540718,0.6309083031152317,0.5,0.5,0.0,,,,,,,,,0.1141194422463221,0.13764812764504716
2019-11-18,12,0.07834635845695932,0.07773290202021599,0.3592908492407617,0.75,0.08333333333333333,0.16666666666666666,,,,,,,,,0.0017341503518677728,0.13893500837393932
2019-11-19,11,0.18083865026181395,0.14243626594543457,0.4077871003226422,0.7272727272727273,0.09090909090909091,0.18181818181818182,,,,,,,,,0.02389249292270831,0.14362470301018668
2019-11-20,15,0.2168837162355582,0.21922366321086884,0.3546020111257221,0.8666666666666667,0.06666666666666667,0.06666666666666667,,,,,,,,,0.053361752680079484,0.14952949566503212
2019-11-21,11,0.1377652104605328,0.0929022878408432,0.40244595188928084,0.7272727272727273,0.09090909090909091,0.18181818181818182,,,,,,,,,0.06923170792809746,0.15279700479404343
2019-11-22,9,0.05524576538138919,0.07994353771209717,0.39137084430490543,0.6666666666666666,0.1111111111111111,0.2222222222222222,,,,,,,,,0.047251194094752536,0.15423647710953145
2019-11-26,3,-0.05407917499542236,-0.2484026551246643,0.8620054061790522,0.3333333333333333,0.6666666666666666,0.0,,,,,,,,,0.03601415273525131,0.1381713668433228
2019-11-27,2,-0.1852644979953766,-0.1852644979953766,0.8726705181711036,0.5,0.5,0.0,,,,,,,,,0.061390861115064914,0.13828278779262293
2019-11-28,2,0.04308256506919861,0.04308256506919861,1.1956020316850904,0.5,0.5,0.0,,,,,,,,,0.056353176345384816,0.13117138652030616
2019-11-29,2,0.016371577978134155,0.016371577978134155,1.1578269914765342,0.5,0.5,0.0,,,,,,,,,0.03285788030485913,0.1258622681898275
2019-12-02,2,0.015404224395751953,0.015404224395751953,1.1564589469207192,0.5,0.5,0.0,,,,,,,,,0.00407509575631538,0.12594144401971488
2019-12-03,1,0.8604815006256104,0.8604815006256104,,1.0,0.0,0.0,,,,,,,,,0.10732028006561219,0.15340284268167936
2019-12-04,2,-0.006362050771713257,-0.006362050771713257,1.1256767853765453,0.5,0.5,0.0,,,,,,,,,0.09851916347231184,0.1535142636309795
2019-12-05,4,0.019512668251991272,0.019428938627243042,0.9489888083267396,0.5,0.5,0.0,,,,,,,,,0.10903228393622807,0.1545651984473797
2019-12-09,4,0.029192999005317688,0.019625097513198853,0.9602937965937918,0.5,0.5,0.0,,,,,,,,,0.13966906922204153,0.1559532602390381
2019-12-10,2,0.033148348331451416,0.033148348331451416,1.1815529276430143,0.5,0.5,0.0,,,,,,,,,0.13824989540236338,0.1545244671663376
2019-12-12,2,0.043490439653396606,0.043490439653396606,1.1961788534538105,0.5,0.5,0.0,,,,,,,,,0.14212401849882944,0.13686467287547713
2019-12-13,2,0.030789077281951904,0.030789077281951904,1.178216414527498,0.5,0.5,0.0,,,,,,,,,0.14432185462542943,0.12665096697814587
2019-12-16,5,0.09529467448592185,0.06807497143745422,0.5798369024123731,0.6,0.2,0.2,,,,,,,,,0.03500945089118821,0.12855011368897878
2020-03-16,5,0.3257349252700806,0.5182684063911438,0.6476092210400602,0.8,0.2,0.0,,,,,,,,,0.08245187604001591,0.1476880330354703
2020-03-17,4,-0.10447251796722412,-0.1852644979953766,0.8165519077465835,0.5,0.5,0.0,,,,,,,,,0.064739706580128,0.11653165603784046
2020-03-18,4,-0.07122337818145752,-0.1852644979953766,0.8645122234393015,0.5,0.5,0.0,,,,,,,,,0.0503945098391601,0.1136147944639854
2020-03-19,2,-0.1852644979953766,-0.1852644979953766,0.8726705181711036,0.5,0.5,0.0,,,,,,,,,0.01919267464961324,0.10689656222966634
2020-03-20,2,-0.027664780616760254,-0.027664780616760254,1.0955501759141095,0.5,0.5,0.0,,,,,,,,,0.009027643182447979,0.07820292994486613
2020-03-23,2,0.04308256506919861,0.04308256506919861,1.1956020316850904,0.5,0.5,0.0,,,,,,,,,0.010783855723483223,0.050804235389901434
2020-03-26,2,0.029072880744934082,0.029072880744934082,1.1757893461091495,0.5,0.5,0.0,,,,,,,,,0.0013235994747706839,0.050915656339201566
2020-03-27,2,0.016371577978134155,0.016371577978134155,1.1578269914765342,0.5,0.5,0.0,,,,,,,,,-0.0428711644240788,0.051108079007340705
2020-03-30,8,-0.03606387646868825,0.0494568832218647,0.3144440234368012,0.375,0.125,0.5,,,,,,,,,-0.0330985013528594,0.049016765667570864
2020-03-31,4,0.17280011344701052,0.09634671360254288,0.19572130627287931,0.75,0.0,0.25,,,,,,,,,0.0017619974512074674,0.04780645737531109
2020-04-01,1,0.8604815006256104,0.8604815006256104,,1.0,0.0,0.0,,,,,,,,,0.15115428296849132,0.07566983691212856
2020-04-03,8,0.13686580304056406,0.03924744203686714,0.28020243652803506,0.125,0.0,0.875,,,,,,,,,0.17465865206239478,0.09232874556861642
2020-04-07,2,-0.027664780616760254,-0.027664780616760254,1.0955501759141095,0.5,0.5,0.0,,,,,,,,,0.1645518883929721,0.08879504093282577
2020-04-08,2,0.009790420532226562,0.009790420532226562,1.148519829360419,0.5,0.5,0.0,,,,,,,,,0.16179725121972816,0.08309343327517286
2020-04-09,2,0.04011261463165283,0.04011261463165283,1.1914018874967371,0.5,0.5,0.0,,,,,,,,,0.16518882788451655,0.07720106322170935
2020-04-13,2,-0.1852644979953766,-0.1852644979953766,0.8726705181711036,0.5,0.5,0.0,,,,,,,,,0.14387445338070393,0.06643340627317904
2020-04-15,1,0.431806743144989,0.431806743144989,,1.0,0.0,0.0,,,,,,,,,0.18087540048041514,0.07898543886529903
2020-04-16,1,0.8862812519073486,0.8862812519073486,,1.0,0.0,0.0,,,,,,,,,0.1845610792349492,0.11033078642872472
2020-04-17,2,0.03713160753250122,0.03713160753250122,1.1871861068275864,0.5,0.5,0.0,,,,,,,,,0.17031333701951162,0.11774398994632065
2020-04-20,11,0.05284788357940587,0.05572761967778206,0.3684204432241544,0.6363636363636364,0.09090909090909091,0.2727272727272727,,,,,,,,,0.18181514619039252,0.11806950056332757
2020-04-21,4,0.041689453180879354,0.043393125757575035,0.008577447493965506,0.25,0.0,0.75,,,,,,,,,0.18637215085448577,0.11891342973675241
2020-04-22,4,0.08891496434807777,0.1361670270562172,0.6961645041970986,0.5,0.25,0.25,,,,,,,,,0.19334391509968935,0.12136378773516326
2020-04-23,3,0.0982555349667867,0.2555164098739624,0.8331673625791249,0.6666666666666666,0.3333333333333333,0.0,,,,,,,,,0.23384677695142694,0.0959562555465358
2020-04-24,7,0.06868925743869372,0.05552605539560318,0.4841796054745408,0.5714285714285714,0.14285714285714285,0.2857142857142857,,,,,,,,,0.18197285042195618,0.09845796582021604
2020-04-27,9,0.21239888254139158,0.2025402933359146,0.44765979073864004,0.8888888888888888,0.1111111111111111,0.0,,,,,,,,,0.08570394051253374,0.10488750629652938
2020-04-28,2,0.013941526412963867,0.013941526412963867,1.1543903795958044,0.5,0.5,0.0,,,,,,,,,0.08239107178117126,0.10437912387678425
2020-04-29,10,0.18689483404159546,0.26749275624752045,0.3802883310140102,0.9,0.1,0.0,,,,,,,,,0.10154063613291264,0.10950400673378906
2020-04-30,9,0.16736755354536903,0.2828935384750366,0.4214741851305863,0.8888888888888888,0.1111111111111111,0.0,,,,,,,,,0.11949465047069688,0.11363324386352147
2020-05-04,2,0.043490439653396606,0.043490439653396606,1.1961788534538105,0.5,0.5,0.0,,,,,,,,,0.113005432657171,0.1140566226092363
2020-05-05,2,-0.0343170166015625,-0.0343170166015625,1.0861424935642958,0.5,0.5,0.0,,,,,,,,,0.0940664967188354,0.10973623290632015
2020-05-07,2,-0.027664780616760254,-0.027664780616760254,1.0955501759141095,0.5,0.5,0.0,,,,,,,,,0.08030163413948484,0.09795624271009212
2020-05-08,2,0.015404224395751953,0.015404224395751953,1.1564589469207192,0.5,0.5,0.0,,,,,,,,,0.05215954011867917,0.10195213412219133
2020-05-11,3,0.08666946490605672,0.17384326457977295,0.8487824000277826,0.6666666666666666,0.3333333333333333,0.0,,,,,,,,,0.06254924561769243,0.10721522889177514
2020-05-12,3,0.07782639563083649,0.14731405675411224,0.847557378807503,0.6666666666666666,0.3333333333333333,0.0,,,,,,,,,0.04696804013044115,0.11598492534598223
2020-05-13,8,0.2289874623529613,0.21625953167676926,0.15308734646233005,0.875,0.0,0.125,,,,,,,,,0.05577088424581147,0.12454000011163963
2020-05-14,8,0.06182583002373576,0.07876431569457054,0.4408815225928081,0.625,0.125,0.25,,,,,,,,,0.05839022572728849,0.1251647756101242
2020-05-15,2,0.4621436055749655,0.4621436055749655,0.5945599363629476,0.5,0.0,0.5,,,,,,,,,0.12931317175250676,0.13960046643779192
2020-05-19,3,0.3157828052838643,0.8640226125717163,0.9683795074001009,0.6666666666666666,0.3333333333333333,0.0,,,,,,,,,0.17837711259545314,0.14958084068131625
2020-05-21,2,0.013941526412963867,0.013941526412963867,1.1543903795958044,0.5,0.5,0.0,,,,,,,,,0.1781681557407691,0.15124768744403796
2020-05-22,2,0.03713160753250122,0.03713160753250122,1.1871861068275864,0.5,0.5,0.0,,,,,,,,,0.17109131897311838,0.14672540391355432
2020-05-26,3,0.28639155626296997,0.7721937894821167,0.9446823709986171,0.6666666666666666,0.3333333333333333,0.0,,,,,,,,,0.200886341920566,0.12758907243479964
2020-05-27,1,0.7721937894821167,0.7721937894821167,,1.0,0.0,0.0,,,,,,,,,0.27848724579615963,0.1487666719828514
2020-05-28,2,0.038864850997924805,0.038864850997924805,1.189637283243283,0.5,0.5,0.0,,,,,,,,,0.2752071059353295,0.15098432637000758
2020-05-29,2,-0.022247731685638428,-0.022247731685638428,1.1032110399805408,0.5,0.5,0.0,,,,,,,,,0.20600834346952895,0.1499163879627454
2020-06-01,2,0.029072880744934082,0.029072880744934082,1.1757893461091495,0.5,0.5,0.0,,,,,,,,,0.16504978282111032,0.14954839683318813
2020-06-02,2,0.02167937159538269,0.02167937159538269,1.1653333451963246,0.5,0.5,0.0,,,,,,,,,0.16615518927574158,0.15644652581954677
2020-06-03,2,0.033148348331451416,0.033148348331451416,1.1815529276430143,0.5,0.5,0.0,,,,,,,,,0.16558615224702017,0.1431579126590955
2020-06-04,2,0.029072880744934082,0.029072880744934082,1.1757893461091495,0.5,0.5,0.0,,,,,,,,,0.12882634145872934,0.11458430028701502
2020-06-05,2,0.043490439653396606,0.043490439653396606,1.1961788534538105,0.5,0.5,0.0,,,,,,,,,0.02472586291176932,0.11479626135771154
2020-06-08,2,-0.027664780616760254,-0.027664780616760254,1.0955501759141095,0.5,0.5,0.0,,,,,,,,,0.01522162982395717,0.112112505884506
2020-06-12,2,0.015404224395751953,0.015404224395751953,1.1564589469207192,0.5,0.5,0.0,,,,,,,,,0.020600480692727224,0.11123633159166842
2020-09-14,12,0.4669601420561473,0.4333062469959259,0.3414858413461597,0.8333333333333334,0.16666666666666666,0.0,,,,,,,,,0.08315580373718626,0.12383783751527074
2020-09-15,12,0.4305202091733615,0.5248676538467407,0.3836129843297261,0.75,0.08333333333333333,0.16666666666666666,,,,,,,,,0.1415616376768975,0.1349133266554899
2020-09-16,17,0.2995953888577573,0.36782076954841614,0.5079083470681826,0.8235294117647058,0.17647058823529413,0.0,,,,,,,,,0.1796255006092269,0.142610197702792
2020-09-17,4,0.5149303823709488,0.5568668991327286,0.4100625741985144,1.0,0.0,0.0,,,,,,,,,0.24903371512722902,0.15269458103044395
2020-09-18,4,0.3133523026481271,0.1686864197254181,0.392143665526054,0.75,0.0,0.25,,,,,,,,,0.2875854098407619,0.16267494023828272
2020-09-21,10,0.2667441893368959,0.13027656823396683,0.32119049599515753,0.7,0.0,0.3,,,,,,,,,0.3296438341198557,0.1653365854147927
2020-09-22,11,0.08350113880905238,0.038640424609184265,0.4396231028977657,0.18181818181818182,0.18181818181818182,0.6363636363636364,,,,,,,,,0.33937196475032716,0.1625410382569155
2020-09-23,1,0.7069073915481567,0.7069073915481567,,1.0,0.0,0.0,,,,,,,,,0.3736501432491857,0.1846549366534075
2020-09-24,1,0.8893166184425354,0.8893166184425354,,1.0,0.0,0.0,,,,,,,,,0.4391924874304962,0.21544272448821075
2020-09-28,2,0.9012556374073029,0.9012556374073029,0.0019773193978885936,1.0,0.0,0.0,,,,,,,,,0.5251439515090027,0.2464067384223462
2020-09-29,2,0.8708431720733643,0.8708431720733643,0.008139905146605985,1.0,0.0,0.0,,,,,,,,,0.5759886357522049,0.27492137001159994
2020-09-30,2,0.7996125817298889,0.7996125817298889,0.029136032081884023,1.0,0.0,0.0,,,,,,,,,0.6454543899067423,0.29868614057239434
2020-10-01,1,0.8469362258911133,0.8469362258911133,,1.0,0.0,0.0,,,,,,,,,0.7283389665573449,0.32432313491440357
2020-10-05,3,0.15840232372283936,0.46362626552581787,0.9313020739718928,0.6666666666666666,0.3333333333333333,0.0,,,,,,,,,0.739039135830743,0.3219702969600661
2020-10-06,3,0.8412151535352071,0.8294246196746826,0.030003085141957337,1.0,0.0,0.0,,,,,,,,,0.7582259589717503,0.34794994107711524
2020-10-07,1,0.8604815006256104,0.8604815006256104,,1.0,0.0,0.0,,,,,,,,,0.7541066564264752,0.3612278709121367
2020-10-08,2,0.7407936453819275,0.7407936453819275,0.14246064694536995,1.0,0.0,0.0,,,,,,,,,0.7311835147085645,0.3753948989154055
2020-10-13,1,0.889869749546051,0.889869749546051,,1.0,0.0,0.0,,,,,,,,,0.7339015972046626,0.4045925063531751
2020-10-14,3,0.764645536740621,0.7334571480751038,0.06667017943490978,1.0,0.0,0.0,,,,,,,,,0.7289063050633385,0.4288429706601124
2020-10-15,4,0.7233677059412003,0.7819602489471436,0.2057009865237501,1.0,0.0,0.0,,,,,,,,,0.7112536593562081,0.4434088423160534
2020-10-16,2,0.8870812058448792,0.8870812058448792,0.002007707275664948,1.0,0.0,0.0,,,,,,,,,0.8153506425164995,0.4472384228614788
2020-10-19,2,0.6190268695354462,0.6190268695354462,0.26476924189058954,1.0,0.0,0.0,,,,,,,,,0.7836094590879622,0.46657715681272954
2020-10-21,2,0.8373721539974213,0.8373721539974213,0.07346056610848743,1.0,0.0,0.0,,,,,,,,,0.7803081238553637,0.49523115300216486
2020-10-22,1,0.431806743144989,0.431806743144989,,1.0,0.0,0.0,,,,,,,,,0.7361671378215153,0.5086556150821667
2020-10-28,1,0.8331441879272461,0.8331441879272461,,1.0,0.0,0.0,,,,,,,,,0.728063486161686,0.5357044422932288
2020-10-29,1,0.8825609683990479,0.8825609683990479,,1.0,0.0,0.0,,,,,,,,,0.7449085478271756,0.564018196295482
2020-10-30,1,0.8415285348892212,0.8415285348892212,,1.0,0.0,0.0,,,,,,,,,0.7617886662483215,0.5911000514336249
2020-11-02,1,0.8604815006256104,0.8604815006256104,,1.0,0.0,0.0,,,,,,,,,0.7579887083598545,0.6183330867993654
2020-11-04,1,0.7370415925979614,0.7370415925979614,,1.0,0.0,0.0,,,,,,,,,0.7748479545116425,0.643823299239856
2020-11-12,1,0.8523911833763123,0.8523911833763123,,1.0,0.0,0.0,,,,,,,,,0.7769935301371983,0.671722864539208
2020-11-13,1,0.8659282922744751,0.8659282922744751,,1.0,0.0,0.0,,,,,,,,,0.8390108942985535,0.685021802879819
2020-11-17,4,0.8368602395057678,0.8548715710639954,0.0568210554156446,1.0,0.0,0.0,,,,,,,,,0.8395417588097709,0.6985664705575658
2020-11-18,6,0.8230538566907247,0.8092859387397766,0.05619962354449495,1.0,0.0,0.0,,,,,,,,,0.8310407428514389,0.7160150861519982
2020-11-19,5,0.8522144436836243,0.8415859341621399,0.02252511503963266,1.0,0.0,0.0,,,,,,,,,0.8325673012506395,0.7272578881957539
2020-11-20,3,0.8671150008837382,0.8659763336181641,0.008819657874301222,1.0,0.0,0.0,,,,,,,,,0.8335149441446577,0.7457166448036077
2020-11-25,2,0.6366963386535645,0.6366963386535645,0.289757644757365,1.0,0.0,0.0,,,,,,,,,0.8191799078668867,0.7580483831141633
2020-11-26,1,0.7470061779022217,0.7470061779022217,,1.0,0.0,0.0,,,,,,,,,0.8041249070848737,0.7801652177506022
2020-11-27,3,0.8534267544746399,0.863913893699646,0.02012969148113906,1.0,0.0,0.0,,,,,,,,,0.8023389731134687,0.7850491965148183
2020-12-01,2,0.8078232407569885,0.8078232407569885,0.03167209225048154,1.0,0.0,0.0,,,,,,,,,0.7981908304350717,0.7823327505919668
2020-12-02,2,0.8783321976661682,0.8783321976661682,0.002451176415696575,1.0,0.0,0.0,,,,,,,,,0.8060877362887064,0.781568635933929
2020-12-03,3,0.8559971650441488,0.8463975191116333,0.02098542797289494,1.0,0.0,0.0,,,,,,,,,0.8066281250544957,0.7810737690329551
2020-12-04,2,0.8839906454086304,0.8839906454086304,0.006378419759941681,1.0,0.0,0.0,,,,,,,,,0.8090389314151947,0.7838863711555798
2020-12-07,2,0.6107091903686523,0.6107091903686523,0.25300626720544156,1.0,0.0,0.0,,,,,,,,,0.8053264816602071,0.7760121366381644
2020-12-08,2,0.813218891620636,0.813218891620636,0.0400358814563774,1.0,0.0,0.0,,,,,,,,,0.8147854407628378,0.7978393555680909
2020-12-09,4,0.3326842933893204,0.431806743144989,0.5468672278826257,0.75,0.25,0.0,,,,,,,,,0.7403936606077922,0.7808883268965615
2020-12-10,4,0.8582193404436111,0.8682851493358612,0.061025786000894915,1.0,0.0,0.0,,,,,,,,,0.7475931034201668,0.7808129215571615
2020-12-11,3,0.5903751961886883,0.8794804215431213,0.5085768753897509,0.6666666666666666,0.0,0.3333333333333333,,,,,,,,,0.706456388923384,0.7757989732507202
2020-12-12,1,0.7051829099655151,0.7051829099655151,,1.0,0.0,0.0,,,,,,,,,0.6849114953407219,0.7696427452647023
2021-03-15,5,0.8488082885742188,0.8885008692741394,0.08470967863535937,1.0,0.0,0.0,,,,,,,,,0.6798854443643775,0.7724481703258222
2021-03-16,5,0.7761440634727478,0.7470061779022217,0.06488009237620664,1.0,0.0,0.0,,,,,,,,,0.7035189976649624,0.7742073822435406
2021-03-17,4,0.8577749878168106,0.8605118095874786,0.02155498839117108,1.0,0.0,0.0,,,,,,,,,0.709884154264416,0.7732305083092716
2021-03-18,5,0.5779444694519043,0.8523911833763123,0.6202752349728601,0.8,0.2,0.0,,,,,,,,,0.7449213222733565,0.7718610949731536
2021-03-22,3,0.8555383284886678,0.8425254821777344,0.023407600833245727,1.0,0.0,0.0,,,,,,,,,0.7445383205655076,0.7724666341228619
2021-03-23,3,0.8755178650220236,0.8856615424156189,0.020078545694570047,1.0,0.0,0.0,,,,,,,,,0.7852729875416983,0.7872570048520963
2021-03-24,3,0.8763172626495361,0.8856615424156189,0.03745097701799428,1.0,0.0,0.0,,,,,,,,,0.8097207522108442,0.7886961073428392
2021-03-25,3,0.8363543550173441,0.8350788950920105,0.07915951617215701,1.0,0.0,0.0,,,,,,,,,0.8079416188455764,0.7871558868967825
2021-03-26,6,0.7802468836307526,0.8432146906852722,0.17511149644104204,1.0,0.0,0.0,,,,,,,,,0.8085277360110056,0.7851131651881669
2021-03-27,1,0.7778152227401733,0.7778152227401733,,1.0,0.0,0.0,,,,,,,,,0.7971049124286288,0.7823576225919857
2021-03-28,1,0.07659626752138138,0.07659626752138138,,1.0,0.0,0.0,,,,,,,,,0.7254837407242685,0.7603427784227663
2021-03-30,3,0.8452219367027283,0.862946629524231,0.07233169913588569,1.0,0.0,0.0,,,,,,,,,0.7240099704691342,0.7601038035336469
2021-03-31,5,0.8718634605407715,0.8800654411315918,0.01926100173544074,1.0,0.0,0.0,,,,,,,,,0.7234879126860981,0.7603016424758567
2021-04-01,5,0.5722197920084,0.7177333831787109,0.3708414686432603,1.0,0.0,0.0,,,,,,,,,0.6800454168802216,0.7514802942259444
2021-04-05,3,0.669562021891276,0.8659763336181641,0.35465923721432097,1.0,0.0,0.0,,,,,,,,,0.6562179407193547,0.7463638997326295
2021-04-06,3,0.5962078670660654,0.8302187919616699,0.4078549015272651,1.0,0.0,0.0,,,,,,,,,0.6299266526386852,0.7378303471787109
2021-04-08,3,0.8667382995287577,0.8659282922744751,0.003304719239228894,1.0,0.0,0.0,,,,,,,,,0.6426299493227686,0.7378177904668781
2021-04-09,4,0.8679042607545853,0.8764486908912659,0.025758037019998216,1.0,0.0,0.0,,,,,,,,,0.7556739483560835,0.7455247212035788
2021-04-12,2,0.8964839279651642,0.8964839279651642,0.003945745810741389,1.0,0.0,0.0,,,,,,,,,0.7629970899650029,0.7505073128723436
2021-04-13,4,0.8778815716505051,0.8845938146114349,0.039568156853608226,1.0,0.0,0.0,,,,,,,,,0.7638568201235364,0.7513224734448725
2021-04-15,2,0.8482394814491272,0.8482394814491272,0.0906916729194388,1.0,0.0,0.0,,,,,,,,,0.8032882043293544,0.7526696814679438
2021-04-16,2,0.3436107188463211,0.3436107188463211,0.6728805688428815,0.5,0.5,0.0,,,,,,,,,0.7567237324657895,0.7348456321739488
2021-04-19,4,0.8596839755773544,0.8807933032512665,0.05053440486570594,1.0,0.0,0.0,,,,,,,,,0.7943631765388307,0.734968525858389
2021-04-20,6,0.8287433087825775,0.866039901971817,0.07456683469261455,1.0,0.0,0.0,,,,,,,,,0.7889353207179478,0.733126947970854
2021-04-21,1,0.7122420072555542,0.7122420072555542,,1.0,0.0,0.0,,,,,,,,,0.7666978559323719,0.7365113752004173
2021-04-22,3,0.8173243204752604,0.8302187919616699,0.05419966468208121,1.0,0.0,0.0,,,,,,,,,0.7553893405766713,0.7366482228289049
2021-04-23,1,0.877288818359375,0.877288818359375,,1.0,0.0,0.0,,,,,,,,,0.7553046615350814,0.7548017069945734
2021-04-27,1,0.8141905069351196,0.8141905069351196,,1.0,0.0,0.0,,,,,,,,,0.7504405223187945,0.753334079210957
2021-04-28,2,0.8580248057842255,0.8580248057842255,0.0840095008222791,1.0,0.0,0.0,,,,,,,,,0.8239282490242095,0.7622557328641416
2021-04-29,2,0.8490634262561798,0.8490634262561798,0.07133619635614434,1.0,0.0,0.0,,,,,,,,,0.8224110276926131,0.7670517500738304
2021-05-03,1,0.7146672010421753,0.7146672010421753,,1.0,0.0,0.0,,,,,,,,,0.8061144408725556,0.7625803804894289
2021-05-04,1,0.7273192405700684,0.7273192405700684,,1.0,0.0,0.0,,,,,,,,,0.8082683313460576,0.7609528863926729
2021-05-05,2,0.8259758651256561,0.8259758651256561,0.13039623799967207,1.0,0.0,0.0,,,,,,,,,0.8095042662961143,0.7598929156363011
2021-05-06,1,0.779125452041626,0.779125452041626,,1.0,0.0,0.0,,,,,,,,,0.7954809282507215,0.7665989483892919
2021-05-07,5,0.3630834832787514,0.8302187919616699,0.7803964007866897,0.8,0.2,0.0,,,,,,,,,0.7310370677283833,0.7501837868822945
2021-05-10,14,0.2618318349123001,0.4259100705385208,0.5064819190672205,0.7142857142857143,0.14285714285714285,0.14285714285714285,,,,,,,,,0.6458666433181082,0.7297275858786371
2021-05-11,16,0.2826569746248424,0.2323063462972641,0.2447734810910969,0.8125,0.0,0.1875,,,,,,,,,0.5649514359422029,0.7099389096111473
2021-05-12,16,0.2519737670663744,0.1591619774699211,0.22690752601272418,0.9375,0.0,0.0625,,,,,,,,,0.4988523739456599,0.6904595566794482
2021-05-13,1,0.7669166326522827,0.7669166326522827,,1.0,0.0,0.0,,,,,,,,,0.5045091442431191,0.6900152149801659
2021-05-14,8,0.3681457359343767,0.12142525613307953,0.40262089908784254,0.75,0.0,0.25,,,,,,,,,0.4391048400729363,0.6763595654199727
2021-05-17,4,0.20370905054733157,0.054519474506378174,0.3280684047138341,0.5,0.0,0.5,,,,,,,,,0.3569024970023228,0.6805966581875044
2021-05-18,3,0.5768128931522369,0.5709344744682312,0.11282049077635227,1.0,0.0,0.0,,,,,,,,,0.38743526984139215,0.6716496900691546
2021-05-19,9,0.2745172435210811,0.14567463099956512,0.3151153259693252,0.8888888888888888,0.0,0.1111111111111111,,,,,,,,,0.389247471071218,0.6517381495018317
2021-05-20,3,0.3834909250338872,0.19909612834453583,0.3348508082614416,1.0,0.0,0.0,,,,,,,,,0.40365232112965294,0.6454471872693479
2021-05-21,1,0.8084805011749268,0.8084805011749268,,1.0,0.0,0.0,,,,,,,,,0.4831532831451604,0.6500778032454696
2021-05-24,1,0.9167976379394531,0.9167976379394531,,1.0,0.0,0.0,,,,,,,,,0.5045648553290418,0.6607641289412493
2021-05-27,1,0.8330374956130981,0.8330374956130981,,1.0,0.0,0.0,,,,,,,,,0.5709779638545734,0.6596407688107272
2021-05-31,1,0.8686408400535583,0.8686408400535583,,1.0,0.0,0.0,,,,,,,,,0.6659682194983202,0.6596653214540263
2021-06-02,1,0.8645652532577515,0.8645652532577515,,1.0,0.0,0.0,,,,,,,,,0.7070756995133937,0.6586013656304459
2021-06-04,1,0.7847846746444702,0.7847846746444702,,1.0,0.0,0.0,,,,,,,,,0.779971046816735,0.6554981357302447
2021-09-13,1,0.7929062843322754,0.7929062843322754,,1.0,0.0,0.0,,,,,,,,,0.8384589552879333,0.6536536958263497
2021-09-14,1,0.8780614137649536,0.8780614137649536,,1.0,0.0,0.0,,,,,,,,,0.8483990856579372,0.6714687189903041
2021-09-15,1,0.7742264270782471,0.7742264270782471,,1.0,0.0,0.0,,,,,,,,,0.828031769820622,0.6686201340403338
2021-09-17,2,0.8212107717990875,0.8212107717990875,0.05881799229252965,1.0,0.0,0.0,,,,,,,,,0.826342237847192,0.6683690494742175
2021-09-20,1,0.8659282922744751,0.8659282922744751,,1.0,0.0,0.0,,,,,,,,,0.8259547310216087,0.6734919256415149
2021-09-21,2,0.7234932482242584,0.7234932482242584,0.2523529489066742,1.0,0.0,0.0,,,,,,,,,0.8058015874453953,0.6703642232331481
2021-09-22,1,0.8781644105911255,0.8781644105911255,,1.0,0.0,0.0,,,,,,,,,0.819141549723489,0.6703934096408731
2021-09-23,1,0.857151448726654,0.857151448726654,,1.0,0.0,0.0,,,,,,,,,0.8283194303512573,0.6718254410339243
2021-09-24,1,0.8950539231300354,0.8950539231300354,,1.0,0.0,0.0,,,,,,,,,0.8307469316891262,0.6730597449454513
2021-09-27,4,0.2865336239337921,0.40210290253162384,0.5639172992840299,0.75,0.25,0.0,,,,,,,,,0.7610765312399183,0.654308751534705
2021-09-28,4,0.038105362094938755,0.04303966648876667,0.1464596128528381,0.5,0.25,0.25,,,,,,,,,0.6492043298536113,0.6317566902364639
2021-09-29,18,0.2859190998391973,0.2589017152786255,0.19821208620776437,0.9444444444444444,0.0,0.05555555555555555,,,,,,,,,0.5663458737914289,0.6170433522121015
2021-09-30,13,0.1457980848275698,0.05383986979722977,0.1526391373707263,0.7692307692307693,0.0,0.23076923076923078,,,,,,,,,0.4838179933061875,0.5943707595354986
2021-10-01,10,0.18399873673915862,0.11693944782018661,0.15707093883967382,0.7,0.0,0.3,,,,,,,,,0.3846514684701923,0.5745332023587496
2021-10-04,1,0.8825191855430603,0.8825191855430603,,1.0,0.0,0.0,,,,,,,,,0.388275430872536,0.59184772576756
2021-10-05,2,0.7915717363357544,0.7915717363357544,0.001875703346128828,1.0,0.0,0.0,,,,,,,,,0.3734922613304959,0.6095057224816751
2021-10-11,11,0.5220717516812411,0.541193962097168,0.07534047719305394,1.0,0.0,0.0,,,,,,,,,0.40714056529441717,0.6174862150502218
2021-10-12,1,0.2248406857252121,0.2248406857252121,,1.0,0.0,0.0,,,,,,,,,0.43381704009874195,0.6165817790055164
2021-10-13,3,0.42401257157325745,0.42287135124206543,0.22176129813967876,1.0,0.0,0.0,,,,,,,,,0.4535446789178934,0.6051516436362155
2021-10-14,1,0.7858051061630249,0.7858051061630249,,1.0,0.0,0.0,,,,,,,,,0.544974253394387,0.6190736226438371
2021-10-19,1,-0.42686283588409424,-0.42686283588409424,,0.0,1.0,0.0,,,,,,,,,0.45770831444820803,0.5980545597627897
2021-10-22,2,-0.2336646355688572,-0.2336646355688572,0.2956156299635381,0.0,0.5,0.5,,,,,,,,,0.29825348286079123,0.5710386421387531
2021-10-23,1,0.8885008692741394,0.8885008692741394,,1.0,0.0,0.0,,,,,,,,,0.31210050185198907,0.5915047629971883
2021-10-26,1,0.8885008692741394,0.8885008692741394,,1.0,0.0,0.0,,,,,,,,,0.3644475186509745,0.6083384278051969
2021-11-01,4,0.5471882373094559,0.4554745554924011,0.23907610290946213,1.0,0.0,0.0,,,,,,,,,0.4104971688772951,0.5996286856763479
2021-11-02,5,0.2712952196598053,0.14313071966171265,0.3478321569184246,0.6,0.0,0.4,,,,,,,,,0.3886804043182305,0.5781119384003596
2021-11-03,5,0.2551862820982933,0.1125684455037117,0.3729265101909007,0.6,0.0,0.4,,,,,,,,,0.312877715166126,0.5588502312831994
2021-11-08,1,0.7470061779022217,0.7470061779022217,,1.0,0.0,0.0,,,,,,,,,0.4805732885641711,0.5547957425448214
2021-11-15,1,0.8139111399650574,0.8139111399650574,,1.0,0.0,0.0,,,,,,,,,0.6302269707833018,0.5531072721017317
2021-11-16,1,0.8438282012939453,0.8438282012939453,,1.0,0.0,0.0,,,,,,,,,0.6238451610718455,0.5550753896567142
2021-11-17,2,0.8995333909988403,0.8995333909988403,0.008362693387834573,1.0,0.0,0.0,,,,,,,,,0.6254212356039456,0.5586296265455997
2021-11-18,1,0.906987726688385,0.906987726688385,,1.0,0.0,0.0,,,,,,,,,0.6768211626580783,0.5595938369763808
2021-11-23,1,0.9146311283111572,0.9146311283111572,,1.0,0.0,0.0,,,,,,,,,0.7687262924654144,0.5642739936841444
2021-11-24,1,0.9050801992416382,0.9050801992416382,,1.0,0.0,0.0,,,,,,,,,0.8615682806287494,0.5670696412655628
2021-11-29,1,0.8628614544868469,0.8628614544868469,,1.0,0.0,0.0,,,,,,,,,0.8781190344265529,0.5669674133393084
2021-11-30,1,0.9146124124526978,0.9146124124526978,,1.0,0.0,0.0,,,,,,,,,0.8925049304962158,0.5733380521469231
2021-12-01,1,0.9160230755805969,0.9160230755805969,,1.0,0.0,0.0,,,,,,,,,0.9028184839657375,0.5746000076465722
2021-12-02,2,0.708330899477005,0.708330899477005,0.14024106746224071,1.0,0.0,0.0,,,,,,,,,0.875503842319761,0.5696393226715839
2021-12-06,1,0.8925499320030212,0.8925499320030212,,1.0,0.0,0.0,,,,,,,,,0.8734413002218518,0.5695558563006834
2021-12-09,1,0.839934766292572,0.839934766292572,,1.0,0.0,0.0,,,,,,,,,0.862770391362054,0.588002561045976
2022-03-14,10,0.7823817253112793,0.8099152147769928,0.13415476427312875,1.0,0.0,0.0,,,,,,,,,0.8452420379434313,0.6128117731531874
2022-03-15,7,0.7556276747158596,0.7202516198158264,0.06372352170416874,1.0,0.0,0.0,,,,,,,,,0.829922926547576,0.6284687256490762
2022-03-16,5,0.6944149136543274,0.7168723344802856,0.19615785217135454,1.0,0.0,0.0,,,,,,,,,0.7984661410049517,0.6467559532766348
2022-03-17,8,0.8273005187511444,0.8092859387397766,0.04827493621359824,1.0,0.0,0.0,,,,,,,,,0.7857914900293156,0.6681993460103677
2022-03-21,3,0.8697603543599447,0.8795865774154663,0.02513782087827479,1.0,0.0,0.0,,,,,,,,,0.8088528407268784,0.6677740516375971
2022-03-22,2,0.831033319234848,0.831033319234848,0.06449610001761433,1.0,0.0,0.0,,,,,,,,,0.800064753188568,0.6690894377342336
2022-03-23,3,0.47616947690645856,0.8415285348892212,0.6614097690784203,0.6666666666666666,0.3333333333333333,0.0,,,,,,,,,0.748098283276266,0.6675593619084075
2022-03-25,3,0.8533331155776978,0.8411936163902283,0.02828504394563109,1.0,0.0,0.0,,,,,,,,,0.7582341961714686,0.688509109570157
2022-03-26,1,0.014373848214745522,0.014373848214745522,,0.0,0.0,1.0,,,,,,,,,0.6523407923855952,0.6748544854582066
2022-03-28,2,0.8806495666503906,0.8806495666503906,0.011103418652800989,1.0,0.0,0.0,,,,,,,,,0.6789457428136042,0.6780159674744521
2022-03-29,2,0.8302187919616699,0.8302187919616699,0.0,1.0,0.0,0.0,,,,,,,,,0.6793626389865365,0.7199186884026443
2022-03-30,3,0.616328110297521,0.8885008692741394,0.4761129458808753,1.0,0.0,0.0,,,,,,,,,0.6431580326919045,0.7482517799315235
2022-03-31,2,0.8427676856517792,0.8427676856517792,0.013609680999501302,1.0,0.0,0.0,,,,,,,,,0.6448343707514661,0.7467273404774448
2022-04-01,1,0.8727982640266418,0.8727982640266418,,1.0,0.0,0.0,,,,,,,,,0.7014956260543493,0.7462039203025282
2022-04-11,13,0.7812005009932014,0.8415859341621399,0.2364240512991281,0.9230769230769231,0.0,0.07692307692307693,,,,,,,,,0.6911909668279927,0.7540043290919863
2022-04-12,9,0.8618019488122728,0.868632435798645,0.03463050580500195,1.0,0.0,0.0,,,,,,,,,0.812252124056211,0.773687886730402
2022-04-13,9,0.8659605582555135,0.8764486908912659,0.03319460406431976,1.0,0.0,0.0,,,,,,,,,0.8101536942855142,0.794047029268976
2022-10-28,14,0.673498731638704,0.787390947341919,0.2908464377680397,1.0,0.0,0.0,,,,,,,,,0.7877651142393762,0.7915967810601922
2022-10-29,1,0.01352738868445158,0.01352738868445158,,0.0,0.0,1.0,,,,,,,,,0.7016507254375092,0.7649173226841719
2022-10-31,1,0.7849092483520508,0.7849092483520508,,1.0,0.0,0.0,,,,,,,,,0.6933852343946908,0.7629533575861088
2022-11-01,2,0.8009234070777893,0.8009234070777893,0.11545294641958904,1.0,0.0,0.0,,,,,,,,,0.683117397687712,0.7596663581220737
2022-11-02,2,0.25342027097940445,0.25342027097940445,0.2522765682804603,1.0,0.0,0.0,,,,,,,,,0.6077202219714551,0.7378807762651077
2022-11-03,3,0.5823926279942194,0.8415859341621399,0.48760483693604817,0.6666666666666666,0.0,0.3333333333333333,,,,,,,,,0.5678046047117332,0.7268061595878764
2022-11-04,3,0.549494193866849,0.7470061779022217,0.4673505644028664,0.6666666666666666,0.0,0.3333333333333333,,,,,,,,,0.5225951240847813,0.7149532927420501
2022-11-05,1,0.3024648129940033,0.3024648129940033,,1.0,0.0,0.0,,,,,,,,,0.46959027856410973,0.6962734046922886
2022-11-07,14,0.513001823797822,0.578687995672226,0.3230257830874287,0.9285714285714286,0.0,0.07142857142857142,,,,,,,,,0.5409437692945912,0.6828863850704594
2022-11-09,6,0.8215816815694174,0.8218907117843628,0.05467415253958984,1.0,0.0,0.0,,,,,,,,,0.5461826883256435,0.6797383386034201
2023-03-14,5,0.550248185545206,0.8415859341621399,0.43781737511209473,0.8,0.0,0.2,,,,,,,,,0.5103719423924173,0.6744689148056935
2023-03-15,9,0.1402459413641029,0.06365035474300385,0.28173690580425614,0.6666666666666666,0.1111111111111111,0.2222222222222222,,,,,,,,,0.49420418101880287,0.6493921151177295
2023-03-16,9,0.338620920976003,0.13170179724693298,0.38605894152253967,0.5555555555555556,0.0,0.4444444444444444,,,,,,,,,0.45937965144477194,0.6326816536071772
2023-03-17,5,0.6467975050210952,0.8794804215431213,0.3781995667142269,0.8,0.0,0.2,,,,,,,,,0.4732801244668071,0.6281621795975045
2023-03-19,2,0.8940011262893677,0.8940011262893677,0.01617882644417987,1.0,0.0,0.0,,,,,,,,,0.5577853120804306,0.6327746279832881
2023-03-20,4,0.06612856988795102,0.09696212271228433,0.16945219999682967,0.5,0.25,0.25,,,,,,,,,0.4939462758075918,0.6118317498577422
2023-03-21,6,0.5093690187980732,0.6700152456760406,0.3902282265713905,0.8333333333333334,0.0,0.16666666666666666,,,,,,,,,0.44934446684025703,0.6012340331926398
2023-03-25,1,0.7202516198158264,0.7202516198158264,,1.0,0.0,0.0,,,,,,,,,0.47363067173605994,0.5962504087078359
2023-03-27,4,0.41158826649188995,0.8291220366954803,0.8716550239404074,0.75,0.25,0.0,,,,,,,,,0.5123938610400295,0.5822689069497373
2023-03-28,2,0.22552015911787748,0.22552015911787748,0.2917332848667582,0.5,0.0,0.5,,,,,,,,,0.49623660934601155,0.5739139296901179
2023-03-29,2,0.051832130178809166,0.051832130178809166,0.010150027963526214,0.5,0.0,0.5,,,,,,,,,0.4112415557971136,0.5471972301768216
2023-03-31,2,0.35893161594867706,0.35893161594867706,0.6665007160900905,0.5,0.5,0.0,,,,,,,,,0.33480305431987206,0.558682489101286
2023-04-01,1,0.8794804215431213,0.8794804215431213,,1.0,0.0,0.0,,,,,,,,,0.4509961759848964,0.5586435175977104
2023-04-03,1,0.8460289239883423,0.8460289239883423,,1.0,0.0,0.0,,,,,,,,,0.4990904481549348,0.5591705219985994
2023-04-10,1,0.868632435798645,0.868632435798645,,1.0,0.0,0.0,,,,,,,,,0.5202877075810518,0.5675806661819702
2023-04-11,5,0.8369622588157654,0.8794804215431213,0.08122701056347044,1.0,0.0,0.0,,,,,,,,,0.5810554207701768,0.5673871519541032
2023-04-12,3,0.36455804109573364,0.7752528190612793,0.7973141980190726,0.6666666666666666,0.3333333333333333,0.0,,,,,,,,,0.6009179753384419,0.5504458111897396
2023-04-13,3,0.8578710357348124,0.863913893699646,0.025180630185569146,1.0,0.0,0.0,,,,,,,,,0.716066390417871,0.5530014956811266
2023-04-18,1,0.8996058702468872,0.8996058702468872,,1.0,0.0,0.0,,,,,,,,,0.7933055696033297,0.5542616263956137
2023-04-25,2,0.8796689808368683,0.8796689808368683,0.0002666631105284265,1.0,0.0,0.0,,,,,,,,,0.7933325066452934,0.5547185738149921
2023-04-26,1,0.9159045815467834,0.9159045815467834,,1.0,0.0,0.0,,,,,,,,,0.8033147434393565,0.5627987688119283
2023-05-03,1,0.7192858457565308,0.7192858457565308,,1.0,0.0,0.0,,,,,,,,,0.781979516290483,0.5863240507143309
2023-05-10,3,0.8206988573074341,0.8411936163902283,0.05824691674586716,1.0,0.0,0.0,,,,,,,,,0.7796561732178643,0.5875170376795104
2023-05-12,2,0.7903665602207184,0.7903665602207184,0.09915749964557953,1.0,0.0,0.0,,,,,,,,,0.8404859616642907,0.5871651427842746
2023-05-15,1,-0.022864222526550293,-0.022864222526550293,,0.0,0.0,1.0,,,,,,,,,0.7146666390555245,0.5779556596674095
2023-05-16,2,0.625554695725441,0.625554695725441,0.3918908172749349,1.0,0.0,0.0,,,,,,,,,0.6755164712667465,0.5793943952584502
2023-05-17,2,0.6947351098060608,0.6947351098060608,0.10727494052192921,1.0,0.0,0.0,,,,,,,,,0.6490973468337741,0.5842357591230906
2023-05-18,1,0.8748757839202881,0.8748757839202881,,1.0,0.0,0.0,,,,,,,,,0.6432360900299889,0.6033161248206333
2023-06-02,2,0.8650434017181396,0.8650434017181396,0.03317386875662171,1.0,0.0,0.0,,,,,,,,,0.6640585980245045,0.6150508440846439
2023-09-04,2,0.8359023630619049,0.8359023630619049,0.00803778333266409,1.0,0.0,0.0,,,,,,,,,0.6662305274180004,0.6155282001343936
2023-09-05,1,0.868632435798645,0.868632435798645,,1.0,0.0,0.0,,,,,,,,,0.6774113667862756,0.6261410084761748
2023-09-06,2,-0.27417561411857605,-0.27417561411857605,0.8762035198943778,0.5,0.5,0.0,,,,,,,,,0.6415097394159862,0.6123269566267522
2023-09-09,1,-0.9300961494445801,-0.9300961494445801,,0.0,1.0,0.0,,,,,,,,,0.4192739043916975,0.5700363876127328
2023-09-12,1,0.8415285348892212,0.8415285348892212,,1.0,0.0,0.0,,,,,,,,,0.4402443936892918,0.5765274219416703
2023-09-13,1,0.868632435798645,0.868632435798645,,1.0,0.0,0.0,,,,,,,,,0.4393524868147714,0.5756817989253129
2023-09-14,3,0.6983899076779684,0.8302187919616699,0.23087242623297827,1.0,0.0,0.0,,,,,,,,,0.41554484480903264,0.5967571768516468
2023-09-15,2,0.8885008692741394,0.8885008692741394,0.0,1.0,0.0,0.0,,,,,,,,,0.42305891712506616,0.609394905200849
2023-09-18,1,0.868632435798645,0.868632435798645,,1.0,0.0,0.0,,,,,,,,,0.42305891712506616,0.6143409324002763
2023-09-20,5,0.8239619135856628,0.8350788950920105,0.055460513597094856,1.0,0.0,0.0,,,,,,,,,0.5799357067971002,0.6280867206367354
2023-09-21,2,0.8726156949996948,0.8726156949996948,0.005633179184572052,1.0,0.0,0.0,,,,,,,,,0.8374659702891395,0.649656571832796
2023-09-22,4,0.8635908961296082,0.8678219616413116,0.02958176449075616,1.0,0.0,0.0,,,,,,,,,0.8406177361806233,0.6767151973644893
2023-09-23,1,0.04304901510477066,0.04304901510477066,,0.0,0.0,1.0,,,,,,,,,0.7226772475100699,0.6661857773363591
2023-09-25,1,-0.4765457808971405,-0.4765457808971405,,0.0,1.0,0.0,,,,,,,,,0.5548292919993402,0.6209849039216837
2023-09-26,1,0.8798575401306152,0.8798575401306152,,1.0,0.0,0.0,,,,,,,,,0.5535945306931224,0.6221125244597594
2023-09-28,4,0.46146196126937866,0.8080119490623474,0.7397540080121778,0.75,0.25,0.0,,,,,,,,,0.49542732004608425,0.6085401753087839
2023-09-29,6,0.7640692492326101,0.8341115415096283,0.17341499687492307,1.0,0.0,0.0,,,,,,,,,0.4868712251385053,0.6061104083226786
2023-10-03,4,0.8056469559669495,0.8341115415096283,0.05758129674230756,1.0,0.0,0.0,,,,,,,,,0.47730426241954166,0.6208133721517192
2023-10-04,5,0.8576113700866699,0.8798575401306152,0.0426731549618857,1.0,0.0,0.0,,,,,,,,,0.4764500444134076,0.6208047166301145
2023-10-05,3,0.8385048309961954,0.8415859341621399,0.05160561977180081,1.0,0.0,0.0,,,,,,,,,0.5900865895407541,0.618768015321758
2023-10-06,7,0.8557809931891305,0.8706991076469421,0.03765223062655184,1.0,0.0,0.0,,,,,,,,,0.7804189858387928,0.6179717490668335
2023-10-09,7,0.7800166010856628,0.8350788950920105,0.1558894564665475,1.0,0.0,0.0,,,,,,,,,0.7661559945466567,0.6134421497181294
2023-10-10,3,0.8169043064117432,0.7854276895523071,0.054519099650922324,1.0,0.0,0.0,,,,,,,,,0.8169334724241374,0.6166960984066365
2023-10-11,3,0.8248695731163025,0.8636886477470398,0.0674317723305038,1.0,0.0,0.0,,,,,,,,,0.8256192329789506,0.6168351222669322
2023-10-12,4,0.8418359011411667,0.8341115415096283,0.016119443415855354,1.0,0.0,0.0,,,,,,,,,0.8307890822895531,0.6185507669642804
2023-10-13,3,0.8245716691017151,0.8659282922744751,0.09187605104817285,1.0,0.0,0.0,,,,,,,,,0.8260691250059881,0.6467986300185559
2023-10-17,10,0.8419864892959594,0.8537571132183075,0.05477143728660186,1.0,0.0,0.0,,,,,,,,,0.8265665047630971,0.6540130231375731
2023-10-18,2,0.7998660206794739,0.7998660206794739,0.1125917654615785,1.0,0.0,0.0,,,,,,,,,0.8185786515474319,0.6575173868333536
2023-10-19,7,0.5961195145334516,0.7896116375923157,0.5818915871569031,0.8571428571428571,0.14285714285714285,0.0,,,,,,,,,0.7923076391828303,0.6482255111871258
2023-10-20,2,0.8659282922744751,0.8659282922744751,0.0,1.0,0.0,0.0,,,,,,,,,0.7993110657346492,0.6482550075390036
2023-10-23,2,0.8572796583175659,0.8572796583175659,0.03139662044861433,1.0,0.0,0.0,,,,,,,,,0.8039410779062582,0.6489675840475256
2023-10-25,5,0.5294434309005738,0.8642697930335999,0.6931393479342789,0.8,0.2,0.0,,,,,,,,,0.759313582157602,0.6376612838842566
2023-10-26,4,0.8245198130607605,0.8550804853439331,0.07130996064705944,1.0,0.0,0.0,,,,,,,,,0.7593061741517514,0.6742844647902345
2023-10-27,2,0.8837258219718933,0.8837258219718933,0.006003902864073877,1.0,0.0,0.0,,,,,,,,,0.765268935962599,0.7347451971707836
2023-10-30,1,0.7849092483520508,0.7849092483520508,,1.0,0.0,0.0,,,,,,,,,0.7631322542015386,0.7328578876195446
2023-10-31,2,0.8699809610843658,0.8699809610843658,0.013434265815998962,1.0,0.0,0.0,,,,,,,,,0.8022553179945264,0.732902838462402
2023-11-01,1,0.868632435798645,0.868632435798645,,1.0,0.0,0.0,,,,,,,,,0.802641624212265,0.7385775893997579
2023-11-02,4,0.8210825473070145,0.8244115710258484,0.06627108578193311,1.0,0.0,0.0,,,,,,,,,0.7974706083536148,0.7363303120008537
2023-11-03,1,0.8885008692741394,0.8885008692741394,,1.0,0.0,0.0,,,,,,,,,0.848764528121267,0.7369925931167035
2023-11-06,2,0.8767932057380676,0.8767932057380676,0.017710780093853847,1.0,0.0,0.0,,,,,,,,,0.8562321556465966,0.7387536361884504
2023-11-08,3,0.812112053235372,0.8511220216751099,0.08073001305861444,1.0,0.0,0.0,,,,,,,,,0.8460016172556651,0.7367368481296396
2023-11-09,2,0.8345460295677185,0.8345460295677185,0.06354682654860346,1.0,0.0,0.0,,,,,,,,,0.8530925860007604,0.7357686859109099
2023-11-10,1,0.8727982640266418,0.8727982640266418,,1.0,0.0,0.0,,,,,,,,,0.8534950578496571,0.7634269942083056
2023-11-13,2,0.8616993129253387,0.8616993129253387,0.02107127476617296,1.0,0.0,0.0,,,,,,,,,0.852504611724899,0.8080351640023883
2023-11-15,2,0.8387914299964905,0.8387914299964905,0.06955072941267733,1.0,0.0,0.0,,,,,,,,,0.8550344521091099,0.8066662936645841
2023-11-16,1,0.8794804215431213,0.8794804215431213,,1.0,0.0,0.0,,,,,,,,,0.8537458167189644,0.8206002423403755
2023-11-17,10,0.7576516600325703,0.8571920990943909,0.2714921336781937,0.9,0.0,0.1,,,,,,,,,0.8367255959038934,0.8203863227003743
2023-11-19,1,0.020323559641838074,0.020323559641838074,,0.0,0.0,1.0,,,,,,,,,0.7236129539619599,0.794208876156204
2023-11-20,2,0.8244115710258484,0.8244115710258484,0.0558647204705228,1.0,0.0,0.0,,,,,,,,,0.7221651741702642,0.7931022161875098
2023-11-21,5,0.7881616592407227,0.7854276895523071,0.048832842565987584,1.0,0.0,0.0,,,,,,,,,0.7100742306294185,0.7914241104623273
2023-11-22,3,0.8238005638122559,0.8350788950920105,0.07182246124323825,1.0,0.0,0.0,,,,,,,,,0.7046601236132639,0.7903580961497648
2023-11-23,2,0.7747523188591003,0.7747523188591003,0.07844143851865638,1.0,0.0,0.0,,,,,,,,,0.6955116791650653,0.7901826200755461
2023-11-24,2,0.8118842840194702,0.8118842840194702,0.07642976943923141,1.0,0.0,0.0,,,,,,,,,0.685855088090258,0.7900152859958036
2023-11-26,1,-0.00777164101600647,-0.00777164101600647,,0.0,0.0,1.0,,,,,,,,,0.5765089022261757,0.76226057885806
2023-11-28,2,0.43948452873155475,0.43948452873155475,0.6069067904383076,0.5,0.0,0.5,,,,,,,,,0.6363890406675637,0.7488488664444063
2023-12-08,3,0.4863657255967458,0.7470061779022217,0.4731506782942566,0.6666666666666666,0.3333333333333333,0.0,,,,,,,,,0.5880967770348348,0.7375753349942406
2023-12-11,7,0.5075332607541766,0.7854276895523071,0.5993497766804359,0.8571428571428571,0.14285714285714285,0.0,,,,,,,,,0.548007005822471,0.7264268940428479
2023-12-12,9,0.7199277728796005,0.7854276895523071,0.27381858835131306,0.8888888888888888,0.0,0.1111111111111111,,,,,,,,,0.5331680356892345,0.7237622857828521
2023-12-13,2,0.841774582862854,0.841774582862854,0.0002667895510739592,1.0,0.0,0.0,,,,,,,,,0.5427426448326279,0.7319507880604987
2023-12-14,4,-0.042094990611076355,-0.03822451829910278,0.932967946557455,0.5,0.5,0.0,,,,,,,,,0.4207456055996927,0.7016833452976471
2023-12-15,6,0.4033585836489995,0.7192858457565308,0.7009169717380157,0.8333333333333334,0.16666666666666666,0.0,,,,,,,,,0.47947849483755073,0.6865526428086949
2023-12-18,8,0.5995245203375816,0.8092859387397766,0.617673318517069,0.875,0.125,0.0,,,,,,,,,0.5023413507812687,0.6888886791232618
2023-12-19,7,0.47926369681954384,0.7192858457565308,0.5023508043993954,0.7142857142857143,0.14285714285714285,0.14285714285714285,,,,,,,,,0.5013267752416686,0.6773801419152213
2023-12-20,9,0.6564383859642677,0.8302187919616699,0.322245234345262,0.8888888888888888,0.0,0.1111111111111111,,,,,,,,,0.5225989359859673,0.6698038940483004
2023-12-21,9,0.4628469076835447,0.8331441879272461,0.6292742675609162,0.6666666666666666,0.1111111111111111,0.2222222222222222,,,,,,,,,0.48587309810081647,0.6590684826926836
2023-12-22,5,0.4985590219497681,0.8350788950920105,0.7625888267951666,0.8,0.2,0.0,,,,,,,,,0.4368423036846613,0.6466877513881969
2023-12-26,7,0.6801460598196302,0.7578402757644653,0.2939187512107113,0.8571428571428571,0.0,0.14285714285714285,,,,,,,,,0.5400195966033337,0.6404048721888965
2023-12-27,4,0.04985348880290985,0.06837019324302673,0.8689297693635657,0.5,0.5,0.0,,,,,,,,,0.489518868768178,0.6146972369054263
2023-12-28,5,0.28663867712020874,0.8331441879272461,0.795576456927949,0.6,0.4,0.0,,,,,,,,,0.4448208911656962,0.5946351638336286
2023-12-29,12,0.34274324029684067,0.7655584812164307,0.666659360883063,0.5833333333333334,0.16666666666666666,0.25,,,,,,,,,0.42531796880531,0.5768334983189211
2023-12-31,1,0.5526561737060547,0.5526561737060547,,1.0,0.0,0.0,,,,,,,,,0.4104919384827082,0.5681849690012772
2024-01-01,13,0.8477742717816279,0.868632435798645,0.04163552143000436,1.0,0.0,0.0,,,,,,,,,0.4654815619252914,0.5686259104084075
